infocom/infocom2014,2014,CC1:Cloud Computing 1,Toward profit-seeking virtual network embedding algorithm via global resource capacity.,Long Gong;Yonggang Wen;Zuqing Zhu;Tony Lee;,https://doi.org/10.1109/INFOCOM.2014.6847918
infocom/infocom2014,2014,CC1:Cloud Computing 1,Online allocation of virtual machines in a distributed cloud.,Fang Hao;Murali S. Kodialam;T. V. Lakshman;Sarit Mukherjee;,https://doi.org/10.1109/INFOCOM.2014.6847919
infocom/infocom2014,2014,CC1:Cloud Computing 1,HadoopWatch: A first step towards comprehensive traffic forecasting in cloud computing.,Yang Peng;Kai Chen;Guohui Wang;Wei Bai;Zhiqiang Ma;Lin Gu;,https://doi.org/10.1109/INFOCOM.2014.6847920
infocom/infocom2014,2014,CC1:Cloud Computing 1,Multi-objective data placement for multi-cloud socially aware services.,Lei Jiao;Jun Li;Wei Du;Xiaoming Fu;,https://doi.org/10.1109/INFOCOM.2014.6847921
infocom/infocom2014,2014,LO1:Localization 1,"Near-pri: Private, proximity based location sharing.",Edmund Novak;Qun Li;,https://doi.org/10.1109/INFOCOM.2014.6847922
infocom/infocom2014,2014,LO1:Localization 1,3D surface localization with terrain model.,Yang Yang;Miao Jin;Hongyi Wu;,https://doi.org/10.1109/INFOCOM.2014.6847923
infocom/infocom2014,2014,LO1:Localization 1,Towards ubiquitous indoor localization service leveraging environmental physical features.,Yang Tian;Ruipeng Gao;Kaigui Bian;Fan Ye;Tao Wang;Yizhou Wang;Xiaoming Li;,https://doi.org/10.1109/INFOCOM.2014.6847924
infocom/infocom2014,2014,LO1:Localization 1,Suave: Swarm underwater autonomous vehicle localization.,Jun Liu;Zhaohui Wang;Zheng Peng;Jun-Hong Cui;Lance Fiondella;,https://doi.org/10.1109/INFOCOM.2014.6847925
infocom/infocom2014,2014,MN1:Multimedia networking 1,Robust uncoded video transmission over wireless fast fading channel.,Hao Cui;Chong Luo;Chang Wen Chen;Feng Wu;,https://doi.org/10.1109/INFOCOM.2014.6847926
infocom/infocom2014,2014,MN1:Multimedia networking 1,NOVA: QoE-driven optimization of DASH-based video delivery in networks.,Vinay Joseph;Gustavo de Veciana;,https://doi.org/10.1109/INFOCOM.2014.6847927
infocom/infocom2014,2014,MN1:Multimedia networking 1,Joint online transcoding and geo-distributed delivery for dynamic adaptive streaming.,Zhi Wang;Lifeng Sun;Chuan Wu;Wenwu Zhu;Shiqiang Yang;,https://doi.org/10.1109/INFOCOM.2014.6847928
infocom/infocom2014,2014,MN1:Multimedia networking 1,Improving mobile video streaming with link aware scheduling and client caches.,Randeep Bhatia;T. V. Lakshman;Arun N. Netravali;Krishan K. Sabnani;,https://doi.org/10.1109/INFOCOM.2014.6847929
infocom/infocom2014,2014,NE1:Network economics and pricing 1,PROMISE: A framework for truthful and profit maximizing spectrum double auctions.,Dejun Yang;Xiang Zhang;Guoliang Xue;,https://doi.org/10.1109/INFOCOM.2014.6847930
infocom/infocom2014,2014,NE1:Network economics and pricing 1,Dynamic pricing and profit maximization for the cloud with geo-distributed data centers.,Jian Zhao;Hongxing Li;Chuan Wu;Zongpeng Li;Zhizhong Zhang;Francis C. M. Lau;,https://doi.org/10.1109/INFOCOM.2014.6847931
infocom/infocom2014,2014,NE1:Network economics and pricing 1,Profit-maximizing incentive for participatory sensing.,Tie Luo;Hwee-Pink Tan;Lirong Xia;,https://doi.org/10.1109/INFOCOM.2014.6847932
infocom/infocom2014,2014,NE1:Network economics and pricing 1,"Assurable, transparent, and mutual restraining e-voting involving multiple conflicting parties.",Xukai Zou;Huian Li;Yan Sui;Wei Peng;Feng Li;,https://doi.org/10.1109/INFOCOM.2014.6847933
infocom/infocom2014,2014,RF1:RFID 1,Efficiently collecting histograms over RFID tags.,Lei Xie;Hao Han;Qun Li;Jie Wu;Sanglu Lu;,https://doi.org/10.1109/INFOCOM.2014.6847934
infocom/infocom2014,2014,RF1:RFID 1,A Parallel Identification Protocol for RFID systems.,Linghe Kong;Liang He;Yu Gu;Min-You Wu;Tian He;,https://doi.org/10.1109/INFOCOM.2014.6847935
infocom/infocom2014,2014,RF1:RFID 1,Efficient distributed query processing in large RFID-enabled supply chains.,Jia Liu;Bin Xiao;Kai Bu;Lijun Chen;,https://doi.org/10.1109/INFOCOM.2014.6847936
infocom/infocom2014,2014,RF1:RFID 1,Pandaka: A lightweight cipher for RFID systems.,Min Chen;Shigang Chen;Qingjun Xiao;,https://doi.org/10.1109/INFOCOM.2014.6847937
infocom/infocom2014,2014,RS:Router and switch design,Multi-Terabyte and multi-Gbps information centric routers.,Giuseppe Rossini;Dario Rossi;Michele Garetto;Emilio Leonardi;,https://doi.org/10.1109/INFOCOM.2014.6847938
infocom/infocom2014,2014,RS:Router and switch design,Towards zero-time wakeup of line cards in power-aware routers.,Tian Pan;Ting Zhang;Junxiao Shi;Yang Li;Linxiao Jin;Fuliang Li;Jiahai Yang;Beichuan Zhang;Bin Liu;,https://doi.org/10.1109/INFOCOM.2014.6847939
infocom/infocom2014,2014,RS:Router and switch design,Safe routing reconfigurations with route redistribution.,Stefano Vissicchio;Laurent Vanbever;Luca Cittadini;Geoffrey G. Xie;Olivier Bonaventure;,https://doi.org/10.1109/INFOCOM.2014.6847940
infocom/infocom2014,2014,RS:Router and switch design,Scalable forwarding tables for supporting flexible policies in enterprise networks.,Shu Yang;Mingwei Xu;Dan Wang;Gautier Bayzelon;Jianping Wu;,https://doi.org/10.1109/INFOCOM.2014.6847941
infocom/infocom2014,2014,SP1:Security and privacy 1,Learning in hide-and-seek.,Qingsi Wang;Mingyan Liu;,https://doi.org/10.1109/INFOCOM.2014.6847942
infocom/infocom2014,2014,SP1:Security and privacy 1,Protecting your right: Attribute-based keyword search with fine-grained owner-enforced search authorization in the cloud.,Wenhai Sun;Shucheng Yu;Wenjing Lou;Y. Thomas Hou;Hui Li;,https://doi.org/10.1109/INFOCOM.2014.6847943
infocom/infocom2014,2014,SP1:Security and privacy 1,Will cyber-insurance improve network security? A market analysis.,Ranjan Pal;Leana Golubchik;Konstantinos Psounis;Pan Hui;,https://doi.org/10.1109/INFOCOM.2014.6847944
infocom/infocom2014,2014,SP1:Security and privacy 1,FINE: A fine-grained privacy-preserving location-based service framework for mobile devices.,Jun Shao;Rongxing Lu;Xiaodong Lin;,https://doi.org/10.1109/INFOCOM.2014.6847945
infocom/infocom2014,2014,WN1:Wireless networks 1,Does full-duplex double the capacity of wireless networks?,Xiufeng Xie;Xinyu Zhang;,https://doi.org/10.1109/INFOCOM.2014.6847946
infocom/infocom2014,2014,WN1:Wireless networks 1,Characterizing the achievable throughput in wireless networks with two active RF chains.,Yang Yang;Bo Chen;Kannan Srinivasan;Ness B. Shroff;,https://doi.org/10.1109/INFOCOM.2014.6847947
infocom/infocom2014,2014,WN1:Wireless networks 1,WiFall: Device-free fall detection by wireless networks.,Chunmei Han;Kaishun Wu;Yuxi Wang;Lionel M. Ni;,https://doi.org/10.1109/INFOCOM.2014.6847948
infocom/infocom2014,2014,WN1:Wireless networks 1,Distributed learning for utility maximization over CSMA-based wireless multihop networks.,Hyeryung Jang;Se-Young Yun;Jinwoo Shin;Yung Yi;,https://doi.org/10.1109/INFOCOM.2014.6847949
infocom/infocom2014,2014,CC2:Cloud Computing 2,Venice: Reliable virtual data center embedding in clouds.,Qi Zhang;Mohamed Faten Zhani;Maissa Jabri;Raouf Boutaba;,https://doi.org/10.1109/INFOCOM.2014.6847950
infocom/infocom2014,2014,CC2:Cloud Computing 2,Meeting service level agreement cost-effectively for video-on-demand applications in the cloud.,Yuhong Zhao;Hong Jiang;Ke Zhou;Zhijie Huang;Ping Huang;,https://doi.org/10.1109/INFOCOM.2014.6847951
infocom/infocom2014,2014,CC2:Cloud Computing 2,Beyond the MDS bound in distributed cloud storage.,Jian Li;Tongtong Li;Jian Ren;,https://doi.org/10.1109/INFOCOM.2014.6847952
infocom/infocom2014,2014,CC2:Cloud Computing 2,Cooperative repair with minimum-storage regenerating codes for distributed storage.,Jun Li;Baochun Li;,https://doi.org/10.1109/INFOCOM.2014.6847953
infocom/infocom2014,2014,FC:Flow and congestion control,Heat-Diffusion: Pareto optimal dynamic routing for time-varying wireless networks.,Reza Banirazi;Edmond A. Jonckheere;Bhaskar Krishnamachari;,https://doi.org/10.1109/INFOCOM.2014.6847954
infocom/infocom2014,2014,FC:Flow and congestion control,From least interference-cost paths to maximum (Concurrent) multiflow in MC-MR wireless networks.,Peng-Jun Wan;Zhu Wang;Lei Wang;Zhiguo Wan;Sai Ji;,https://doi.org/10.1109/INFOCOM.2014.6847955
infocom/infocom2014,2014,FC:Flow and congestion control,Multirate multicast: Optimal algorithms and implementation.,Georgios S. Paschos;Chih-Ping Li;Eytan Modiano;Kostas Choumas;Thanasis Korakis;,https://doi.org/10.1109/INFOCOM.2014.6847956
infocom/infocom2014,2014,FC:Flow and congestion control,Routing games with progressive filling.,Tobias Harks;Martin Hoefer;Kevin Schewior;Alexander Skopalik;,https://doi.org/10.1109/INFOCOM.2014.6847957
infocom/infocom2014,2014,LO2:Localization 2,Electronic frog eye: Counting crowd using WiFi.,Wei Xi;Jizhong Zhao;Xiang-Yang Li;Kun Zhao;Shaojie Tang;Xue Liu;Zhiping Jiang;,https://doi.org/10.1109/INFOCOM.2014.6847958
infocom/infocom2014,2014,LO2:Localization 2,Shake and walk: Acoustic direction finding and fine-grained indoor localization using smartphones.,Wenchao Huang;Yan Xiong;Xiang-Yang Li;Hao Lin;XuFei Mao;Panlong Yang;Yunhao Liu;,https://doi.org/10.1109/INFOCOM.2014.6847959
infocom/infocom2014,2014,LO2:Localization 2,Anchor-free backscatter positioning for RFID tags with high accuracy.,Tianci Liu;Lei Yang;Qiongzheng Lin;Yi Guo;Yunhao Liu;,https://doi.org/10.1109/INFOCOM.2014.6847960
infocom/infocom2014,2014,LO2:Localization 2,TOC: Localizing wireless rechargeable sensors with time of charge.,Yuanchao Shu;Peng Cheng;Yu Gu;Jiming Chen;Tian He;,https://doi.org/10.1109/INFOCOM.2014.6847961
infocom/infocom2014,2014,MN2:Multimedia networking 2,On the geographic patterns of a large-scale mobile video-on-demand system.,Zhenyu Li;Gaogang Xie;Jiali Lin;Yun Jin;Mohamed Ali Kâafar;Kavé Salamatian;,https://doi.org/10.1109/INFOCOM.2014.6847962
infocom/infocom2014,2014,MN2:Multimedia networking 2,Optimal rate allocation for adaptive wireless video streaming in networks with user dynamics.,Vinay Joseph;Sem C. Borst;Martin I. Reiman;,https://doi.org/10.1109/INFOCOM.2014.6847963
infocom/infocom2014,2014,MN2:Multimedia networking 2,SoCast: Social ties based cooperative video multicast.,Yang Cao;Xu Chen;Tao Jiang;Junshan Zhang;,https://doi.org/10.1109/INFOCOM.2014.6847964
infocom/infocom2014,2014,MN2:Multimedia networking 2,Reliable video multicast over Wi-Fi networks with coordinated multiple APs.,Munhwan Choi;Weiping Sun;Jonghoe Koo;Sunghyun Choi;Kang G. Shin;,https://doi.org/10.1109/INFOCOM.2014.6847965
infocom/infocom2014,2014,NE2:Network economics and pricing 2,Dynamic resource provisioning in cloud computing: A randomized auction approach.,Linquan Zhang;Zongpeng Li;Chuan Wu;,https://doi.org/10.1109/INFOCOM.2014.6847966
infocom/infocom2014,2014,NE2:Network economics and pricing 2,Exploring bundling sale strategy in online service markets with network effects.,Weijie Wu;Richard T. B. Ma;John C. S. Lui;,https://doi.org/10.1109/INFOCOM.2014.6847967
infocom/infocom2014,2014,NE2:Network economics and pricing 2,Enabling crowd-sourced mobile Internet access.,George Iosifidis;Lin Gao;Jianwei Huang;Leandros Tassiulas;,https://doi.org/10.1109/INFOCOM.2014.6847968
infocom/infocom2014,2014,NE2:Network economics and pricing 2,Trade-offs in optimizing the cache deployments of CDNs.,Syed Hasan;Sergey Gorinsky;Constantine Dovrolis;Ramesh K. Sitaraman;,https://doi.org/10.1109/INFOCOM.2014.6847969
infocom/infocom2014,2014,RF2:RFID 2,Twins: Device-free object tracking using passive tags.,Jinsong Han;Chen Qian;Xing Wang;Dan Ma;Jizhong Zhao;Pengfeng Zhang;Wei Xi;Zhiping Jiang;,https://doi.org/10.1109/INFOCOM.2014.6847970
infocom/infocom2014,2014,RF2:RFID 2,Arbitrarily accurate approximation scheme for large-scale RFID cardinality estimation.,Wei Gong;Kebin Liu;Xin Miao;Haoxiang Liu;,https://doi.org/10.1109/INFOCOM.2014.6847971
infocom/infocom2014,2014,RF2:RFID 2,Towards adaptive continuous scanning in large-scale RFID systems.,Haoxiang Liu;Wei Gong;Xin Miao;Kebin Liu;Wenbo He;,https://doi.org/10.1109/INFOCOM.2014.6847972
infocom/infocom2014,2014,RF2:RFID 2,Read bulk data from computational RFIDs.,Yuanqing Zheng;Mo Li;,https://doi.org/10.1109/INFOCOM.2014.6847973
infocom/infocom2014,2014,SP2:Security and privacy 2,Achieving differential privacy of data disclosure in the smart grid.,Jing Zhao;Taeho Jung;Yu Wang;Xiangyang Li;,https://doi.org/10.1109/INFOCOM.2014.6847974
infocom/infocom2014,2014,SP2:Security and privacy 2,Optimal privacy-preserving energy management for smart meters.,Lei Yang;Xu Chen;Junshan Zhang;H. Vincent Poor;,https://doi.org/10.1109/INFOCOM.2014.6847975
infocom/infocom2014,2014,SP2:Security and privacy 2,VABKS: Verifiable attribute-based keyword search over outsourced encrypted data.,Qingji Zheng;Shouhuai Xu;Giuseppe Ateniese;,https://doi.org/10.1109/INFOCOM.2014.6847976
infocom/infocom2014,2014,SP2:Security and privacy 2,Deep packet inspection with DFA-trees and parametrized language overapproximation.,Daniel Luchaup;Lorenzo De Carli;Somesh Jha;Eric Bach;,https://doi.org/10.1109/INFOCOM.2014.6847977
infocom/infocom2014,2014,WN2:Wireless networks 2,Hello: A generic flexible protocol for neighbor discovery.,Wei Sun;Zheng Yang;Keyu Wang;Yunhao Liu;,https://doi.org/10.1109/INFOCOM.2014.6847978
infocom/infocom2014,2014,WN2:Wireless networks 2,Cooperative anti-jamming for infrastructure-less wireless networks with stochastic relaying.,Liyang Zhang;Zhangyu Guan;Tommaso Melodia;,https://doi.org/10.1109/INFOCOM.2014.6847979
infocom/infocom2014,2014,WN2:Wireless networks 2,Restricted coverage in wireless networks.,XiaoHua Xu;Min Song;,https://doi.org/10.1109/INFOCOM.2014.6847980
infocom/infocom2014,2014,WN2:Wireless networks 2,Optimal delay bound for maximum weight scheduling policy in wireless networks.,Cem Boyaci;Ye Xia;,https://doi.org/10.1109/INFOCOM.2014.6847981
infocom/infocom2014,2014,CC3:Cloud computing 3,Delay guaranteed live migration of Virtual Machines.,Jiao Zhang;Fengyuan Ren;Chuang Lin;,https://doi.org/10.1109/INFOCOM.2014.6847982
infocom/infocom2014,2014,CC3:Cloud computing 3,Dominant resource fairness in cloud computing systems with heterogeneous servers.,Wei Wang;Baochun Li;Ben Liang;,https://doi.org/10.1109/INFOCOM.2014.6847983
infocom/infocom2014,2014,CC3:Cloud computing 3,SAP: Similarity-aware partitioning for efficient cloud storage.,Bharath Balasubramanian;Tian Lan;Mung Chiang;,https://doi.org/10.1109/INFOCOM.2014.6847984
infocom/infocom2014,2014,CC3:Cloud computing 3,Scheduling jobs with dwindling resource requirements in clouds.,Sivan Albagli-Kim;Hadas Shachnai;Tami Tamir;,https://doi.org/10.1109/INFOCOM.2014.6847985
infocom/infocom2014,2014,IM1:Internet monitoring and measurement 1,Spatio-temporal factorization of log data for understanding network events.,Tatsuaki Kimura;Keisuke Ishibashi;Tatsuya Mori;Hiroshi Sawada;Tsuyoshi Toyono;Ken Nishimatsu;Akio Watanabe;Akihiro Shimoda;Kohei Shiomoto;,https://doi.org/10.1109/INFOCOM.2014.6847986
infocom/infocom2014,2014,IM1:Internet monitoring and measurement 1,Mining checkins from location-sharing services for client-independent IP geolocation.,Hao Liu;Yaoxue Zhang;Yuezhi Zhou;Di Zhang;Xiaoming Fu;K. K. Ramakrishnan;,https://doi.org/10.1109/INFOCOM.2014.6847987
infocom/infocom2014,2014,IM1:Internet monitoring and measurement 1,Packet classification using binary Content Addressable Memory.,Alex X. Liu;Chad R. Meiners;Eric Torng;,https://doi.org/10.1109/INFOCOM.2014.6847988
infocom/infocom2014,2014,IM1:Internet monitoring and measurement 1,A reduction-based approach towards scaling up formal analysis of internet configurations.,Anduo Wang;Alexander J. T. Gurney;Xianglong Han;Jinyan Cao;Boon Thau Loo;Carolyn L. Talcott;Andre Scedrov;,https://doi.org/10.1109/INFOCOM.2014.6847989
infocom/infocom2014,2014,NC:Network coding,A matroid theory approach to multicast network coding.,Xunrui Yin;Zongpeng Li;Xin Wang;,https://doi.org/10.1109/INFOCOM.2014.6847990
infocom/infocom2014,2014,NC:Network coding,Robust and optimal opportunistic scheduling for downlink 2-flow inter-session network coding with varying channel quality.,Wei-Cheng Kuo;Chih-Chun Wang;,https://doi.org/10.1109/INFOCOM.2014.6847991
infocom/infocom2014,2014,NC:Network coding,DAWN: Defending against wormhole attacks in wireless network coding systems.,Shiyu Ji;Tingting Chen;Sheng Zhong;Subhash C. Kak;,https://doi.org/10.1109/INFOCOM.2014.6847992
infocom/infocom2014,2014,NC:Network coding,Secure cloud storage meets with secure network coding.,Fei Chen;Tao Xiang;Yuanyuan Yang;Sherman S. M. Chow;,https://doi.org/10.1109/INFOCOM.2014.6847993
infocom/infocom2014,2014,NE3:Network economics and pricing 3,Hybrid data pricing for network-assisted user-provided connectivity.,Lin Gao;George Iosifidis;Jianwei Huang;Leandros Tassiulas;,https://doi.org/10.1109/INFOCOM.2014.6847994
infocom/infocom2014,2014,NE3:Network economics and pricing 3,EasyBid: Enabling cellular offloading via small players.,Zhixue Lu;Prasun Sinha;R. Srikant;,https://doi.org/10.1109/INFOCOM.2014.6847995
infocom/infocom2014,2014,NE3:Network economics and pricing 3,Time dependent pricing in wireless data networks: Flat-rate vs. usage-based schemes.,Liang Zhang;Weijie Wu;Dan Wang;,https://doi.org/10.1109/INFOCOM.2014.6847996
infocom/infocom2014,2014,NE3:Network economics and pricing 3,Double auctions for dynamic spectrum allocation.,Wei Dong;Swati Rallapalli;Lili Qiu;K. K. Ramakrishnan;Yin Zhang;,https://doi.org/10.1109/INFOCOM.2014.6847997
infocom/infocom2014,2014,SN1:Sensor networks 1,A generalized coverage-preserving scheduling in WSNs: A case study in structural health monitoring.,Xuefeng Liu;Jiannong Cao;Shaojie Tang;Peng Guo;,https://doi.org/10.1109/INFOCOM.2014.6847998
infocom/infocom2014,2014,SN1:Sensor networks 1,SenSpeed: Sensing driving conditions to estimate vehicle speed in urban environments.,Haofu Han;Jiadi Yu;Hongzi Zhu;Yingying Chen;Jie Yang;Yanmin Zhu;Guangtao Xue;Minglu Li;,https://doi.org/10.1109/INFOCOM.2014.6847999
infocom/infocom2014,2014,SN1:Sensor networks 1,An optimal data collection technique for improved utility in UAS-aided networks.,Ahmed E. A. A. Abdulla;Zubair Md. Fadlullah;Hiroki Nishiyama;Nei Kato;Fumie Ono;Ryu Miura;,https://doi.org/10.1109/INFOCOM.2014.6848000
infocom/infocom2014,2014,SN1:Sensor networks 1,Toward optimal allocation of location dependent tasks in crowdsensing.,Shibo He;Dong-Hoon Shin;Junshan Zhang;Jiming Chen;,https://doi.org/10.1109/INFOCOM.2014.6848001
infocom/infocom2014,2014,SP3:Security and privacy 3,Achieving k-anonymity in privacy-aware location-based services.,Ben Niu;Qinghua Li;Xiaoyan Zhu;Guohong Cao;Hui Li;,https://doi.org/10.1109/INFOCOM.2014.6848002
infocom/infocom2014,2014,SP3:Security and privacy 3,PLAM: A privacy-preserving framework for local-area mobile social networks.,Rongxing Lu;Xiaodong Lin;Zhiguo Shi;Jun Shao;,https://doi.org/10.1109/INFOCOM.2014.6848003
infocom/infocom2014,2014,SP3:Security and privacy 3,Preserving secondary users' privacy in cognitive radio networks.,Zhengrui Qin;Shanhe Yi;Qun Li;Dmitry Zamkov;,https://doi.org/10.1109/INFOCOM.2014.6848004
infocom/infocom2014,2014,SP3:Security and privacy 3,Markov chain fingerprinting to classify encrypted traffic.,Maciej Korczynski;Andrzej Duda;,https://doi.org/10.1109/INFOCOM.2014.6848005
infocom/infocom2014,2014,WN3:Wireless networks 3,3D pipeline contention: Asymmetric full duplex in wireless networks.,Shaohe Lv;Xuan Dong;Yong Lu;Xiaoli Du;Xiaodong Wang;Yong Dou;Xingming Zhou;,https://doi.org/10.1109/INFOCOM.2014.6848006
infocom/infocom2014,2014,WN3:Wireless networks 3,Montage: Combine frames with movement continuity for realtime multi-user tracking.,Lan Zhang;Kebin Liu;Yonghang Jiang;Xiang-Yang Li;Yunhao Liu;Panlong Yang;,https://doi.org/10.1109/INFOCOM.2014.6848007
infocom/infocom2014,2014,WN3:Wireless networks 3,Scalable user selection for MU-MIMO networks.,Xiufeng Xie;Xinyu Zhang;,https://doi.org/10.1109/INFOCOM.2014.6848008
infocom/infocom2014,2014,WN3:Wireless networks 3,iBeam: Intelligent client-side multi-user beamforming in wireless networks.,Yongjiu Du;Ehsan Aryafar;Joseph Camp;Mung Chiang;,https://doi.org/10.1109/INFOCOM.2014.6848009
infocom/infocom2014,2014,CC4:Cloud computing 4,TOFEC: Achieving optimal throughput-delay trade-off of cloud storage using erasure codes.,Guanfeng Liang;Ulas C. Kozat;,https://doi.org/10.1109/INFOCOM.2014.6848010
infocom/infocom2014,2014,CC4:Cloud computing 4,New bandwidth sharing and pricing policies to achieve a win-win situation for cloud provider and tenants.,Haiying Shen;Zhuozhao Li;,https://doi.org/10.1109/INFOCOM.2014.6848011
infocom/infocom2014,2014,CC4:Cloud computing 4,Neptune: Efficient remote communication services for cloud backups.,Yu Hua;Xue Liu;Dan Feng;,https://doi.org/10.1109/INFOCOM.2014.6848012
infocom/infocom2014,2014,CC4:Cloud computing 4,Dynamic content allocation for cloud-assisted service of periodic workloads.,György Dán;Niklas Carlsson;,https://doi.org/10.1109/INFOCOM.2014.6848013
infocom/infocom2014,2014,CNE:Cooperative networking,WiSlow: A Wi-Fi network performance troubleshooting tool for end users.,Kyung-Hwa Kim;Hyunwoo Nam;Henning Schulzrinne;,https://doi.org/10.1109/INFOCOM.2014.6848014
infocom/infocom2014,2014,CNE:Cooperative networking,Scaling laws for heterogeneous cognitive radio networks with cooperative secondary users.,Riheng Jia;Jinbei Zhang;Xinbing Wang;Xiaohua Tian;Qian Zhang;,https://doi.org/10.1109/INFOCOM.2014.6848015
infocom/infocom2014,2014,CNE:Cooperative networking,Cooperative cross-technology interference mitigation for heterogeneous multi-hop networks.,Yantian Hou;Ming Li;Xu Yuan;Y. Thomas Hou;Wenjing Lou;,https://doi.org/10.1109/INFOCOM.2014.6848016
infocom/infocom2014,2014,EE1:Energy efficiency in wireless networks 1,On the expected size of minimum-energy path-preserving topologies for wireless multi-hop networks.,Ashikur Rahman;Nael B. Abu-Ghazaleh;,https://doi.org/10.1109/INFOCOM.2014.6848017
infocom/infocom2014,2014,EE1:Energy efficiency in wireless networks 1,Distributed opportunistic scheduling for wireless networks powered by renewable energy sources.,Hang Li;Chuan Huang;Shuguang Cui;Junshan Zhang;,https://doi.org/10.1109/INFOCOM.2014.6848018
infocom/infocom2014,2014,EE1:Energy efficiency in wireless networks 1,"Relax, but Do Not Sleep: A new perspective on Green Wireless Networking.",Chenfei Gao;Weiyi Zhang;Jian Tang;Chonggang Wang;Shihong Zou;Sen Su;,https://doi.org/10.1109/INFOCOM.2014.6848019
infocom/infocom2014,2014,EE1:Energy efficiency in wireless networks 1,Energy optimization through traffic aggregation in wireless networks.,Wenjie Hu;Guohong Cao;,https://doi.org/10.1109/INFOCOM.2014.6848020
infocom/infocom2014,2014,IM2:Internet monitoring and measurement 2,Contextual localization through network traffic analysis.,Aveek K. Das;Parth H. Pathak;Chen-Nee Chuah;Prasant Mohapatra;,https://doi.org/10.1109/INFOCOM.2014.6848021
infocom/infocom2014,2014,IM2:Internet monitoring and measurement 2,Intelligent SDN based traffic (de)Aggregation and Measurement Paradigm (iSTAMP).,Mehdi Malboubi;Liyuan Wang;Chen-Nee Chuah;Puneet Sharma;,https://doi.org/10.1109/INFOCOM.2014.6848022
infocom/infocom2014,2014,IM2:Internet monitoring and measurement 2,Separating wheat from chaff: Winnowing unintended prefixes using machine learning.,Andra Lutu;Marcelo Bagnulo;Jesús Cid-Sueiro;Olaf Maennel;,https://doi.org/10.1109/INFOCOM.2014.6848023
infocom/infocom2014,2014,IM2:Internet monitoring and measurement 2,An overlay automata approach to regular expression matching.,Alex X. Liu;Eric Torng;,https://doi.org/10.1109/INFOCOM.2014.6848024
infocom/infocom2014,2014,SN2:Sensor networks 2,Walking down the STAIRS: Efficient collision resolution for wireless sensor networks.,Xiaoyu Ji;Yuan He;Jiliang Wang;Wei Dong;Xiaopei Wu;Yunhao Liu;,https://doi.org/10.1109/INFOCOM.2014.6848025
infocom/infocom2014,2014,SN2:Sensor networks 2,Critical sensing range for mobile heterogeneous camera sensor networks.,Yitao Hu;Xinbing Wang;Xiaoying Gan;,https://doi.org/10.1109/INFOCOM.2014.6848026
infocom/infocom2014,2014,SN2:Sensor networks 2,Bounded stretch geographic homotopic routing in sensor networks.,Kan Huang;Chien-Chun Ni;Rik Sarkar;Jie Gao;Joseph S. B. Mitchell;,https://doi.org/10.1109/INFOCOM.2014.6848027
infocom/infocom2014,2014,SN2:Sensor networks 2,Maximizing the value of sensed information in underwater wireless sensor networks via an autonomous underwater vehicle.,Stefano Basagni;Ladislau Bölöni;Petrika Gjanci;Chiara Petrioli;Cynthia A. Phillips;Danila Turgut;,https://doi.org/10.1109/INFOCOM.2014.6848028
infocom/infocom2014,2014,WS1:Wireless security and privacy 1,SYNERGY: A game-theoretical approach for cooperative key generation in wireless networks.,Jingchao Sun;Xu Chen;Jinxue Zhang;Yanchao Zhang;Junshan Zhang;,https://doi.org/10.1109/INFOCOM.2014.6848029
infocom/infocom2014,2014,WS1:Wireless security and privacy 1,Utility-based cooperative decision in cooperative authentication.,Yunchuan Guo;Lihua Yin;Licai Liu;Binxing Fang;,https://doi.org/10.1109/INFOCOM.2014.6848030
infocom/infocom2014,2014,WS1:Wireless security and privacy 1,Security vulnerability and countermeasures of frequency offset correction in 802.11a systems.,Hanif Rahbari;Marwan Krunz;Loukas Lazos;,https://doi.org/10.1109/INFOCOM.2014.6848031
infocom/infocom2014,2014,WS1:Wireless security and privacy 1,A new efficient physical layer OFDM encryption scheme.,Fei Huo;Guang Gong;,https://doi.org/10.1109/INFOCOM.2014.6848032
infocom/infocom2014,2014,CC5:Cloud computing 5,Consolidating complementary VMs with spatial/temporal-awareness in cloud datacenters.,Liuhua Chen;Haiying Shen;,https://doi.org/10.1109/INFOCOM.2014.6848033
infocom/infocom2014,2014,CC5:Cloud computing 5,When queueing meets coding: Optimal-latency data retrieving scheme in storage clouds.,Shengbo Chen;Yin Sun;Ulas C. Kozat;Longbo Huang;Prasun Sinha;Guanfeng Liang;Xin Liu;Ness B. Shroff;,https://doi.org/10.1109/INFOCOM.2014.6848034
infocom/infocom2014,2014,CC5:Cloud computing 5,Power consumption of virtual machines with network transactions: Measurement and improvements.,Ryan Shea;Haiyang Wang;Jiangchuan Liu;,https://doi.org/10.1109/INFOCOM.2014.6848035
infocom/infocom2014,2014,CC5:Cloud computing 5,Can mobile cloudlets support mobile applications?,Yujin Li;Wenye Wang;,https://doi.org/10.1109/INFOCOM.2014.6848036
infocom/infocom2014,2014,CN1:Cellular networks 1,Structured spectrum allocation and user association in heterogeneous cellular networks.,Wei Bao;Ben Liang;,https://doi.org/10.1109/INFOCOM.2014.6848037
infocom/infocom2014,2014,CN1:Cellular networks 1,Video delivery over heterogeneous cellular networks: Optimizing cost and performance.,Konstantinos Poularakis;George Iosifidis;Antonios Argyriou;Leandros Tassiulas;,https://doi.org/10.1109/INFOCOM.2014.6848038
infocom/infocom2014,2014,CN1:Cellular networks 1,Cell planning for heterogeneous networks: An approximation algorithm.,Wentao Zhao;Shaowei Wang;Chonggang Wang;Xiaobing Wu;,https://doi.org/10.1109/INFOCOM.2014.6848039
infocom/infocom2014,2014,CN1:Cellular networks 1,A college admissions game for uplink user association in wireless small cell networks.,Walid Saad;Zhu Han;Rong Zheng;Mérouane Debbah;H. Vincent Poor;,https://doi.org/10.1109/INFOCOM.2014.6848040
infocom/infocom2014,2014,EE2:Energy efficiency in wireless networks 2,Safe Charging for wireless power transfer.,Haipeng Dai;Yunhuai Liu;Guihai Chen;Xiaobing Wu;Tian He;,https://doi.org/10.1109/INFOCOM.2014.6848041
infocom/infocom2014,2014,EE2:Energy efficiency in wireless networks 2,Energy-efficient cooperative broadcast in fading wireless networks.,Chenxi Qiu;Haiying Shen;Lei Yu;,https://doi.org/10.1109/INFOCOM.2014.6848042
infocom/infocom2014,2014,EE2:Energy efficiency in wireless networks 2,Performance-aware energy optimization on mobile devices in cellular network.,Yong Cui;Shihan Xiao;Xin Wang;Minming Li;Hongyi Wang;Zeqi Lai;,https://doi.org/10.1109/INFOCOM.2014.6848043
infocom/infocom2014,2014,EE2:Energy efficiency in wireless networks 2,Microeconomic analysis of base-station sharing in green cellular networks.,Bingjie Leng;Parisa Mansourifard;Bhaskar Krishnamachari;,https://doi.org/10.1109/INFOCOM.2014.6848044
infocom/infocom2014,2014,IM3:Internet monitoring and measurement 3,Optimal collaborative access point association in wireless networks.,Ouldooz Baghban Karimi;Jiangchuan Liu;Jennifer Rexford;,https://doi.org/10.1109/INFOCOM.2014.6848045
infocom/infocom2014,2014,IM3:Internet monitoring and measurement 3,kBF: A Bloom Filter for key-value storage with an application on approximate state machines.,Sisi Xiong;Yanjun Yao;Qing Cao;Tian He;,https://doi.org/10.1109/INFOCOM.2014.6848046
infocom/infocom2014,2014,IM3:Internet monitoring and measurement 3,Detecting malicious HTTP redirections using trees of user browsing activity.,Hesham Mekky;Ruben Torres;Zhi-Li Zhang;Sabyasachi Saha;Antonio Nucci;,https://doi.org/10.1109/INFOCOM.2014.6848047
infocom/infocom2014,2014,IM3:Internet monitoring and measurement 3,What scale of audience a campaign can reach in what price on Twitter?,Yubao Zhang;Xin Ruan;Haining Wang;Hui Wang;,https://doi.org/10.1109/INFOCOM.2014.6848048
infocom/infocom2014,2014,SN3:Sensor networks 3,How to identify global trends from local decisions? Event region detection on mobile networks.,Andreas Loukas;Marco Zuniga;Ioannis Protonotarios;Jie Gao;,https://doi.org/10.1109/INFOCOM.2014.6848049
infocom/infocom2014,2014,SN3:Sensor networks 3,Sleep in the Dins: Insomnia therapy for duty-cycled sensor networks.,Jiliang Wang;Zhichao Cao;XuFei Mao;Yunhao Liu;,https://doi.org/10.1109/INFOCOM.2014.6848050
infocom/infocom2014,2014,SN3:Sensor networks 3,Mobile-to-mobile energy replenishment in mission-critical robotic sensor networks.,Liang He;Peng Cheng;Yu Gu;Jianping Pan;Ting Zhu;Cong Liu;,https://doi.org/10.1109/INFOCOM.2014.6848051
infocom/infocom2014,2014,SN3:Sensor networks 3,Connected wireless camera network deployment with visibility coverage.,Hua Huang;Chien-Chun Ni;Xiaomeng Ban;Jie Gao;Andrew T. Schneider;Shan Lin;,https://doi.org/10.1109/INFOCOM.2014.6848052
infocom/infocom2014,2014,US:Urban sensing and environmental monitoring,How to crowdsource tasks truthfully without sacrificing utility: Online incentive mechanisms with budget constraint.,Dong Zhao;Xiang-Yang Li;Huadong Ma;,https://doi.org/10.1109/INFOCOM.2014.6848053
infocom/infocom2014,2014,US:Urban sensing and environmental monitoring,Compressive sensing over strongly connected digraph and its application in traffic monitoring.,Xiao Qi;Yongcai Wang;Yuexuan Wang;Liwen Xu;,https://doi.org/10.1109/INFOCOM.2014.6848054
infocom/infocom2014,2014,US:Urban sensing and environmental monitoring,TRAC: Truthful auction for location-aware collaborative sensing in mobile crowdsourcing.,Zhenni Feng;Yanmin Zhu;Qian Zhang;Lionel M. Ni;Athanasios V. Vasilakos;,https://doi.org/10.1109/INFOCOM.2014.6848055
infocom/infocom2014,2014,US:Urban sensing and environmental monitoring,ShopProfiler: Profiling shops with crowdsourcing data.,Xiaonan Guo;Eddie C. L. Chan;Ce Liu;Kaishun Wu;Siyuan Liu;Lionel M. Ni;,https://doi.org/10.1109/INFOCOM.2014.6848056
infocom/infocom2014,2014,WS2:Wireless security and privacy 2,PS-TRUST: Provably secure solution for truthful double spectrum auctions.,Zhili Chen;Liusheng Huang;Lu Li;Wei Yang;Haibo Miao;Miaomiao Tian;Fei Wang;,https://doi.org/10.1109/INFOCOM.2014.6848057
infocom/infocom2014,2014,WS2:Wireless security and privacy 2,Information leaks out: Attacks and countermeasures on compressive data gathering in wireless sensor networks.,Pengfei Hu;Kai Xing;Xiuzhen Cheng;Hao Wei;Haojin Zhu;,https://doi.org/10.1109/INFOCOM.2014.6848058
infocom/infocom2014,2014,WS2:Wireless security and privacy 2,Secure cooperative spectrum sensing and access against intelligent malicious behaviors.,Wei Wang;Lin Chen;Kang G. Shin;Lingjie Duan;,https://doi.org/10.1109/INFOCOM.2014.6848059
infocom/infocom2014,2014,WS2:Wireless security and privacy 2,Physical layer challenge-response authentication in wireless networks with relay.,Xianru Du;Dan Shan;Kai Zeng;Lauren M. Huie;,https://doi.org/10.1109/INFOCOM.2014.6848060
infocom/infocom2014,2014,CC6:Clound computing 6,A deep investigation into network performance in virtual machine based cloud environments.,Ryan Shea;Feng Wang;Haiyang Wang;Jiangchuan Liu;,https://doi.org/10.1109/INFOCOM.2014.6848061
infocom/infocom2014,2014,CC6:Clound computing 6,RIAL: Resource Intensity Aware Load balancing in clouds.,Liuhua Chen;Haiying Shen;Karan Sapra;,https://doi.org/10.1109/INFOCOM.2014.6848062
infocom/infocom2014,2014,CC6:Clound computing 6,Optimal approximation algorithm of virtual machine placement for data latency minimization in cloud systems.,Jian-Jhih Kuo;Hsiu-Hsien Yang;Ming-Jer Tsai;,https://doi.org/10.1109/INFOCOM.2014.6848063
infocom/infocom2014,2014,CC6:Clound computing 6,Using stop-and-wait to improve TCP throughput in fast optical switching (FOS) networks over short physical distances.,Pablo Jesús Argibay-Losada;Kseniia Nozhnina;Gokhan Sahin;Chunming Qiao;,https://doi.org/10.1109/INFOCOM.2014.6848064
infocom/infocom2014,2014,CN2:Cellular networks 2,"""Wireless networks without edges"": Dynamic radio resource clustering and user scheduling.",Yuhuan Du;Gustavo de Veciana;,https://doi.org/10.1109/INFOCOM.2014.6848065
infocom/infocom2014,2014,CN2:Cellular networks 2,Cellular multi-coverage with non-uniform rates.,Omer Gurewitz;Yakov Sandomirsky;Gabriel Scalosub;,https://doi.org/10.1109/INFOCOM.2014.6848066
infocom/infocom2014,2014,CN2:Cellular networks 2,Exploiting mobility in proportional fair cellular scheduling: Measurements and algorithms.,Robert Margolies;Ashwin Sridharan;Vaneet Aggarwal;Rittwik Jana;N. K. Shankaranarayanan;Vinay A. Vaishampayan;Gil Zussman;,https://doi.org/10.1109/INFOCOM.2014.6848067
infocom/infocom2014,2014,CN2:Cellular networks 2,User mobility from the view of cellular data networks.,Ying Zhang;,https://doi.org/10.1109/INFOCOM.2014.6848068
infocom/infocom2014,2014,EE3:Energy efficiency in wireless networks 3,Energy efficient Wifi tethering on a smartphone.,Kyoung-Hak Jung;Yuepeng Qi;Chansu Yu;Young-Joo Suh;,https://doi.org/10.1109/INFOCOM.2014.6848069
infocom/infocom2014,2014,EE3:Energy efficiency in wireless networks 3,Fair energy-efficient sensing task allocation in participatory sensing with smartphones.,Qingwen Zhao;Yanmin Zhu;Hongzi Zhu;Jian Cao;Guangtao Xue;Bo Li;,https://doi.org/10.1109/INFOCOM.2014.6848070
infocom/infocom2014,2014,EE3:Energy efficiency in wireless networks 3,Improved structures for data collection in wireless sensor networks.,Jon Crowcroft;Michael Segal;Liron Levin;,https://doi.org/10.1109/INFOCOM.2014.6848071
infocom/infocom2014,2014,EE3:Energy efficiency in wireless networks 3,Energy-efficient capacity optimization in wireless networks.,Lu Liu;Xianghui Cao;Yu Cheng;Lili Du;Wei Song;Yu Wang;,https://doi.org/10.1109/INFOCOM.2014.6848072
infocom/infocom2014,2014,FN:Firewalls and network intrusion detection,ProWord: An unsupervised approach to protocol feature word extraction.,Zhuo Zhang;Zhibin Zhang;Patrick P. C. Lee;Yunjie Liu;Gaogang Xie;,https://doi.org/10.1109/INFOCOM.2014.6848073
infocom/infocom2014,2014,FN:Firewalls and network intrusion detection,TorWard: Discovery of malicious traffic over Tor.,Zhen Ling;Junzhou Luo;Kui Wu;Wei Yu;Xinwen Fu;,https://doi.org/10.1109/INFOCOM.2014.6848074
infocom/infocom2014,2014,FN:Firewalls and network intrusion detection,Transductive malware label propagation: Find your lineage from your neighbors.,Deguang Kong;Guanhua Yan;,https://doi.org/10.1109/INFOCOM.2014.6848075
infocom/infocom2014,2014,FN:Firewalls and network intrusion detection,LD-Sketch: A distributed sketching design for accurate and scalable anomaly detection in network data streams.,Qun Huang;Patrick P. C. Lee;,https://doi.org/10.1109/INFOCOM.2014.6848076
infocom/infocom2014,2014,IM4:Internet monitoring and measurement 4,Bloom tree: A search tree based on Bloom filters for multiple-set membership testing.,MyungKeun Yoon;JinWoo Son;Seon-Ho Shin;,https://doi.org/10.1109/INFOCOM.2014.6848077
infocom/infocom2014,2014,IM4:Internet monitoring and measurement 4,A longitudinal analysis of Internet rate limitations.,João Taveira Araújo;Raul Landa;Richard G. Clegg;George Pavlou;Kensuke Fukuda;,https://doi.org/10.1109/INFOCOM.2014.6848078
infocom/infocom2014,2014,IM4:Internet monitoring and measurement 4,Monitor placement for maximal identifiability in network tomography.,Liang Ma;Ting He;Kin K. Leung;Ananthram Swami;Don Towsley;,https://doi.org/10.1109/INFOCOM.2014.6848079
infocom/infocom2014,2014,IM4:Internet monitoring and measurement 4,"""Can you SEE me now?"" A measurement study of mobile video calls.",Chenguang Yu;Yang Xu;Bo Liu;Yong Liu;,https://doi.org/10.1109/INFOCOM.2014.6848080
infocom/infocom2014,2014,SN4:Sensor networks 4,Optimal link scheduling for delay-constrained periodic traffic over unreliable wireless links.,Yan Li;Haibo Zhang;Zhiyi Huang;Michael Albert;,https://doi.org/10.1109/INFOCOM.2014.6848081
infocom/infocom2014,2014,SN4:Sensor networks 4,Approximate multiple count in Wireless Sensor Networks.,Xiaolin Fang;Hong Gao;Jianzhong Li;Yingshu Li;,https://doi.org/10.1109/INFOCOM.2014.6848082
infocom/infocom2014,2014,SN4:Sensor networks 4,EV-sounding: A visual assisted electronic channel sounding system.,Gang Li;Jin Teng;Fan Yang;Adam C. Champion;Dong Xuan;Hong Luan;Yuan F. Zheng;,https://doi.org/10.1109/INFOCOM.2014.6848083
infocom/infocom2014,2014,SN4:Sensor networks 4,Coverage in visual sensor networks with Pan-Tilt-Zoom cameras: The MaxFoV problem.,Vikram P. Munishwar;Vinay Kolar;Nael B. Abu-Ghazaleh;,https://doi.org/10.1109/INFOCOM.2014.6848084
infocom/infocom2014,2014,WS3:wireless ecurity and privacy 3,How can botnets cause storms? Understanding the evolution and impact of mobile botnets.,Zhuo Lu;Wenye Wang;Cliff Wang;,https://doi.org/10.1109/INFOCOM.2014.6848085
infocom/infocom2014,2014,WS3:wireless ecurity and privacy 3,COLLECTOR: A secure RFID-enabled batch recall protocol.,Saiyu Qi;Yuanqing Zheng;Mo Li;Li Lu;Yunhao Liu;,https://doi.org/10.1109/INFOCOM.2014.6848086
infocom/infocom2014,2014,WS3:wireless ecurity and privacy 3,Analysis and detection of SIMbox fraud in mobility networks.,Ilona Murynets;Michael Zabarankin;Roger Piqueras Jover;Adam Panagia;,https://doi.org/10.1109/INFOCOM.2014.6848087
infocom/infocom2014,2014,WS3:wireless ecurity and privacy 3,Scaling laws for secrecy capacity in cooperative wireless networks.,Mahtab Mirmohseni;Panagiotis Papadimitratos;,https://doi.org/10.1109/INFOCOM.2014.6848088
infocom/infocom2014,2014,CN3:Cellular networks 3,Fast resource scheduling in HetNets with D2D support.,Francesco Malandrino;Claudio Casetti;Carla-Fabiana Chiasserini;Zana Limani;,https://doi.org/10.1109/INFOCOM.2014.6848089
infocom/infocom2014,2014,CN3:Cellular networks 3,INDAPSON: An incentive data plan sharing system based on self-organizing network.,Tuo Yu;Zilong Zhou;Da Zhang;Xinbing Wang;Yunxin Liu;Songwu Lu;,https://doi.org/10.1109/INFOCOM.2014.6848090
infocom/infocom2014,2014,CN3:Cellular networks 3,A mean field game approach to scheduling in cellular systems.,Mayank Manjrekar;Vinod Ramaswamy;Srinivas Shakkottai;,https://doi.org/10.1109/INFOCOM.2014.6848091
infocom/infocom2014,2014,CN3:Cellular networks 3,R2D2: Embracing device-to-device communication in next generation cellular networks.,Tarun Bansal;Karthikeyan Sundaresan;Sampath Rangarajan;Prasun Sinha;,https://doi.org/10.1109/INFOCOM.2014.6848092
infocom/infocom2014,2014,DC1:Data center networking 1,On efficient bandwidth allocation for traffic variability in datacenters.,Jian Guo;Fangming Liu;Xiaomeng Huang;John C. S. Lui;Mi Hu;Qiao Gao;Hai Jin;,https://doi.org/10.1109/INFOCOM.2014.6848093
infocom/infocom2014,2014,DC1:Data center networking 1,RepFlow: Minimizing flow completion times with replicated flows in data centers.,Hong Xu;Baochun Li;,https://doi.org/10.1109/INFOCOM.2014.6848094
infocom/infocom2014,2014,DC1:Data center networking 1,Traffic engineering with Equal-Cost-Multipath: An algorithmic perspective.,Marco Chiesa;Guy Kindler;Michael Schapira;,https://doi.org/10.1109/INFOCOM.2014.6848095
infocom/infocom2014,2014,DC1:Data center networking 1,Towards performance-centric fairness in datacenter networks.,Li Chen;Yuan Feng;Baochun Li;Bo Li;,https://doi.org/10.1109/INFOCOM.2014.6848096
infocom/infocom2014,2014,FT1:Fault tolerance and survivability 1,Geometric evaluation of survivability of disaster-affected network with probabilistic failure.,Hiroshi Saito;,https://doi.org/10.1109/INFOCOM.2014.6848097
infocom/infocom2014,2014,FT1:Fault tolerance and survivability 1,Keep Forwarding: Towards k-link failure resilient routing.,Baohua Yang;Junda Liu;Scott Shenker;Jun Li;Kai Zheng;,https://doi.org/10.1109/INFOCOM.2014.6848098
infocom/infocom2014,2014,FT1:Fault tolerance and survivability 1,Restorable logical topology in the face of no or partial traffic demand knowledge.,Reuven Cohen;Gabi Nakibly;,https://doi.org/10.1109/INFOCOM.2014.6848099
infocom/infocom2014,2014,FT1:Fault tolerance and survivability 1,Max-flow min-cut theorem and faster algorithms in a circular disk failure model.,Yusuke Kobayashi;Kensuke Otsuki;,https://doi.org/10.1109/INFOCOM.2014.6848100
infocom/infocom2014,2014,SB1:Scheduling and buffer management 1,Distributed backup scheduling: Modeling and optimization.,Peter M. van de Ven;Bo Zhang;Angela Schörgendorfer;,https://doi.org/10.1109/INFOCOM.2014.6848101
infocom/infocom2014,2014,SB1:Scheduling and buffer management 1,Fast and simple approximation algorithms for maximum weighted independent set of links.,Peng-Jun Wan;Xiaohua Jia;Guojun Dai;Hongwei Du;Ophir Frieder;,https://doi.org/10.1109/INFOCOM.2014.6848102
infocom/infocom2014,2014,SB1:Scheduling and buffer management 1,A high-order Markov chain based scheduling algorithm for low delay in CSMA networks.,Jaewook Kwak;Chul-Ho Lee;Do Young Eun;,https://doi.org/10.1109/INFOCOM.2014.6848103
infocom/infocom2014,2014,SB1:Scheduling and buffer management 1,Scheduling of multicast and unicast services under limited feedback by using rateless codes.,Yin Sun;Can Emre Koksal;Kyu-Han Kim;Ness B. Shroff;,https://doi.org/10.1109/INFOCOM.2014.6848104
infocom/infocom2014,2014,SC1:Social computing and networks 1,LBSNSim: Analyzing and modeling location-based social networks.,Wei Wei;Xiaojun Zhu;Qun Li;,https://doi.org/10.1109/INFOCOM.2014.6848105
infocom/infocom2014,2014,SC1:Social computing and networks 1,On designing neighbor discovery protocols: A code-based approach.,Tong Meng;Fan Wu;Guihai Chen;,https://doi.org/10.1109/INFOCOM.2014.6848106
infocom/infocom2014,2014,SC1:Social computing and networks 1,Assessment of multi-hop interpersonal trust in social networks by Three-Valued Subjective Logic.,Guangchi Liu;Qing Yang;Honggang Wang;Xiaodong Lin;Mike P. Wittie;,https://doi.org/10.1109/INFOCOM.2014.6848107
infocom/infocom2014,2014,SC1:Social computing and networks 1,FluidRating: A time-evolving rating scheme in trust-based recommendation systems using fluid dynamics.,Wenjun Jiang;Jie Wu;Guojun Wang;Huanyang Zheng;,https://doi.org/10.1109/INFOCOM.2014.6848108
infocom/infocom2014,2014,SD:Software defined networking,On diagnosis of forwarding plane via static forwarding rules in Software Defined Networks.,Ulas C. Kozat;Guanfeng Liang;Koray Kokten;,https://doi.org/10.1109/INFOCOM.2014.6848109
infocom/infocom2014,2014,SD:Software defined networking,Software Defined Monitoring of application protocols.,Lukas Kekely;Viktor Pus;Jan Korenek;,https://doi.org/10.1109/INFOCOM.2014.6848110
infocom/infocom2014,2014,SD:Software defined networking,On the effect of forwarding table size on SDN network utilization.,Rami Cohen;Liane Lewin-Eytan;Joseph Naor;Danny Raz;,https://doi.org/10.1109/INFOCOM.2014.6848111
infocom/infocom2014,2014,SD:Software defined networking,Software defined green data center network with exclusive routing.,Dan Li;Yunfei Shang;Congjie Chen;,https://doi.org/10.1109/INFOCOM.2014.6848112
infocom/infocom2014,2014,VN1:Vehicular Networks 1,Towards automatic phone-to-phone communication for vehicular networking applications.,Shaohan Hu;Hengchang Liu;Lu Su;Hongyan Wang;Tarek F. Abdelzaher;Pan Hui;Wei Zheng;Zhiheng Xie;John A. Stankovic;,https://doi.org/10.1109/INFOCOM.2014.6848113
infocom/infocom2014,2014,VN1:Vehicular Networks 1,POST: Exploiting dynamic sociality for mobile advertising in vehicular networks.,Jun Qin;Hongzi Zhu;Yanmin Zhu;Li Lu;Guangtao Xue;Minglu Li;,https://doi.org/10.1109/INFOCOM.2014.6848114
infocom/infocom2014,2014,VN1:Vehicular Networks 1,On multihop communications for in-vehicle Internet access based on a TDMA MAC protocol.,Hassan Aboubakr Omar;Weihua Zhuang;Li Li;,https://doi.org/10.1109/INFOCOM.2014.6848115
infocom/infocom2014,2014,VN1:Vehicular Networks 1,GeoMob: A mobility-aware geocast scheme in metropolitans via taxicabs and buses.,Lei Zhang;Boyang Yu;Jianping Pan;,https://doi.org/10.1109/INFOCOM.2014.6848116
infocom/infocom2014,2014,CN4:Cellular networks 4,Automated dynamic offset applied to cell association.,Majed Haddad;Habib B. A. Sidi;Piotr Wiecek;Eitan Altman;,https://doi.org/10.1109/INFOCOM.2014.6848117
infocom/infocom2014,2014,CN4:Cellular networks 4,Interference coordination strategies for content update dissemination in LTE-A.,Vincenzo Sciancalepore;Vincenzo Mancuso;Albert Banchs;Shmuel Zaks;Antonio Capone;,https://doi.org/10.1109/INFOCOM.2014.6848118
infocom/infocom2014,2014,CN4:Cellular networks 4,Classifying call profiles in large-scale mobile traffic datasets.,Diala Naboulsi;Razvan Stanica;Marco Fiore;,https://doi.org/10.1109/INFOCOM.2014.6848119
infocom/infocom2014,2014,CN4:Cellular networks 4,Cross-layer path management in multi-path transport protocol for mobile devices.,Yeon-sup Lim;Yung-Chih Chen;Erich M. Nahum;Don Towsley;Kang-Won Lee;,https://doi.org/10.1109/INFOCOM.2014.6848120
infocom/infocom2014,2014,DC2:Data center networking 2,Practical DCB for improved data center networks.,Brent Stephens;Alan L. Cox;Ankit Singla;John B. Carter;Colin Dixon;Wes Felter;,https://doi.org/10.1109/INFOCOM.2014.6848121
infocom/infocom2014,2014,DC2:Data center networking 2,Distributed data storage systems with opportunistic repair.,Vaneet Aggarwal;Chao Tian;Vinay A. Vaishampayan;Yih-Farn Robin Chen;,https://doi.org/10.1109/INFOCOM.2014.6848122
infocom/infocom2014,2014,DC2:Data center networking 2,Let's stay together: Towards traffic aware virtual machine placement in data centers.,Xin Li;Jie Wu;Shaojie Tang;Sanglu Lu;,https://doi.org/10.1109/INFOCOM.2014.6848123
infocom/infocom2014,2014,DC2:Data center networking 2,On the design and analysis of Data Center Network architectures for interconnecting dual-port servers.,Dawei Li;Jie Wu;,https://doi.org/10.1109/INFOCOM.2014.6848124
infocom/infocom2014,2014,FT2:Fault tolerance and survivability 2,Signaling free localization of node failures in all-optical networks.,János Tapolcai;Lajos Rónyai;Éva Hosszu;Pin-Han Ho;Suresh Subramaniam;,https://doi.org/10.1109/INFOCOM.2014.6848125
infocom/infocom2014,2014,FT2:Fault tolerance and survivability 2,Fault tolerant barrier coverage for wireless sensor networks.,Zhibo Wang;Honglong Chen;Qing Cao;Hairong Qi;Zhi Wang;,https://doi.org/10.1109/INFOCOM.2014.6848126
infocom/infocom2014,2014,FT2:Fault tolerance and survivability 2,Heterogeneity-aware data regeneration in distributed storage systems.,Yan Wang;Dongsheng Wei;Xunrui Yin;Xin Wang;,https://doi.org/10.1109/INFOCOM.2014.6848127
infocom/infocom2014,2014,FT2:Fault tolerance and survivability 2,CauseInfer: Automatic and distributed performance diagnosis with hierarchical causality graph in large distributed systems.,Pengfei Chen;Yong Qi;Pengfei Zheng;Di Hou;,https://doi.org/10.1109/INFOCOM.2014.6848128
infocom/infocom2014,2014,SB2:Scheduling and buffer management 2,"Sharp per-flow delay bounds for bursty arrivals: The case of FIFO, SP, and EDF scheduling.",Florin Ciucu;Felix Poloczek;Jens B. Schmitt;,https://doi.org/10.1109/INFOCOM.2014.6848129
infocom/infocom2014,2014,SB2:Scheduling and buffer management 2,LP-relaxation based distributed algorithms for scheduling in wireless networks.,Chandramani Singh;Angelia Nedic;R. Srikant;,https://doi.org/10.1109/INFOCOM.2014.6848130
infocom/infocom2014,2014,SB2:Scheduling and buffer management 2,Low complexity multi-resource fair queueing with bounded delay.,Wei Wang;Ben Liang;Baochun Li;,https://doi.org/10.1109/INFOCOM.2014.6848131
infocom/infocom2014,2014,SB2:Scheduling and buffer management 2,Rate-control and multi-channel scheduling for wireless live streaming with stringent deadlines.,Shizhen Zhao;Xiaojun Lin;,https://doi.org/10.1109/INFOCOM.2014.6848132
infocom/infocom2014,2014,SC2:Social computing and networks 2,Information diffusion in mobile social networks: The speed perspective.,Zongqing Lu;Yonggang Wen;Guohong Cao;,https://doi.org/10.1109/INFOCOM.2014.6848133
infocom/infocom2014,2014,SC2:Social computing and networks 2,Improving data forwarding in Mobile Social Networks with infrastructure support: A space-crossing community approach.,Zhong Li;Cheng Wang;Siqian Yang;Changjun Jiang;Ivan Stojmenovic;,https://doi.org/10.1109/INFOCOM.2014.6848134
infocom/infocom2014,2014,SC2:Social computing and networks 2,Optimizing offline access to social network content on mobile devices.,Ngoc Minh Do;Ye Zhao;Shu-Ting Wang;Cheng-Hsin Hsu;Nalini Venkatasubramanian;,https://doi.org/10.1109/INFOCOM.2014.6848135
infocom/infocom2014,2014,SC2:Social computing and networks 2,A social group utility maximization framework with applications in database assisted spectrum access.,Xu Chen;Xiaowen Gong;Lei Yang;Junshan Zhang;,https://doi.org/10.1109/INFOCOM.2014.6848136
infocom/infocom2014,2014,VN2:Vehicular networks 2,A Cooperative Advanced Driver Assistance System to mitigate vehicular traffic shock waves.,Markus Forster;Raphael Frank;Mario Gerla;Thomas Engel;,https://doi.org/10.1109/INFOCOM.2014.6848137
infocom/infocom2014,2014,VN2:Vehicular networks 2,Data-driven traffic flow analysis for vehicular communications.,Yang Wang;Liusheng Huang;Tianbo Gu;Hao Wei;Kai Xing;Junshan Zhang;,https://doi.org/10.1109/INFOCOM.2014.6848138
infocom/infocom2014,2014,VN2:Vehicular networks 2,CityDrive: A map-generating and speed-optimizing driving system.,Yiran Zhao;Yang Zhang;Tuo Yu;Tianyuan Liu;Xinbing Wang;Xiaohua Tian;Xue Liu;,https://doi.org/10.1109/INFOCOM.2014.6848139
infocom/infocom2014,2014,VN2:Vehicular networks 2,ForeSight: Mapping vehicles in visual domain and electronic domain.,Dong Li;Zhixue Lu;Tarun Bansal;Erik Schilling;Prasun Sinha;,https://doi.org/10.1109/INFOCOM.2014.6848140
infocom/infocom2014,2014,DB:Big Data,Online load balancing for MapReduce with skewed data input.,Yanfang Le;Jiangchuan Liu;Funda Ergün;Dan Wang;,https://doi.org/10.1109/INFOCOM.2014.6848141
infocom/infocom2014,2014,DB:Big Data,Enabling efficient access control with dynamic policy updating for big data in the cloud.,Kan Yang;Xiaohua Jia;Kui Ren;Ruitao Xie;Liusheng Huang;,https://doi.org/10.1109/INFOCOM.2014.6848142
infocom/infocom2014,2014,DB:Big Data,Online algorithms for uploading deferrable big data to the cloud.,Linquan Zhang;Zongpeng Li;Chuan Wu;Minghua Chen;,https://doi.org/10.1109/INFOCOM.2014.6848143
infocom/infocom2014,2014,DB:Big Data,TideWatch: Fingerprinting the cyclicality of big data workloads.,Dan Williams;Shuai Zheng;Xiangliang Zhang;Hani Jamjoom;,https://doi.org/10.1109/INFOCOM.2014.6848144
infocom/infocom2014,2014,CNB:Content/name based networking,A unified approach to the performance analysis of caching systems.,Valentina Martina;Michele Garetto;Emilio Leonardi;,https://doi.org/10.1109/INFOCOM.2014.6848145
infocom/infocom2014,2014,CNB:Content/name based networking,Scalable Pending Interest Table design: From principles to practice.,Haowei Yuan;Patrick Crowley;,https://doi.org/10.1109/INFOCOM.2014.6848146
infocom/infocom2014,2014,CNB:Content/name based networking,REIN: A fast event matching approach for content-based publish/subscribe systems.,Shiyou Qian;Jian Cao;Yanmin Zhu;Minglu Li;,https://doi.org/10.1109/INFOCOM.2014.6848147
infocom/infocom2014,2014,CNB:Content/name based networking,Reducing forwarding state in content-centric networks with semi-stateless forwarding.,Christos Tsilopoulos;George Xylomenos;Yannis Thomas;,https://doi.org/10.1109/INFOCOM.2014.6848148
infocom/infocom2014,2014,CR1:Cognitive radio networks 1,A unified framework for wireless max-min utility optimization with general monotonic constraints.,Yao-Win Peter Hong;Chee Wei Tan;Liang Zheng;Cheng-Lin Hsieh;Chia-Han Lee;,https://doi.org/10.1109/INFOCOM.2014.6848149
infocom/infocom2014,2014,CR1:Cognitive radio networks 1,A practical self-adaptive rendezvous protocol in cognitive radio ad hoc networks.,Xingya Liu;Jiang Xie;,https://doi.org/10.1109/INFOCOM.2014.6848150
infocom/infocom2014,2014,CR1:Cognitive radio networks 1,Delay-constrained caching in cognitive radio networks.,Jing Zhao;Wei Gao;Yi Wang;Guohong Cao;,https://doi.org/10.1109/INFOCOM.2014.6848151
infocom/infocom2014,2014,CR1:Cognitive radio networks 1,Probability distribution of spectral hole duration in cognitive networks.,Jelena V. Misic;Vojislav B. Misic;,https://doi.org/10.1109/INFOCOM.2014.6848152
infocom/infocom2014,2014,CS:Cloud security and privacy,Privacy-preserving multi-keyword fuzzy search over encrypted data in the cloud.,Bing Wang;Shucheng Yu;Wenjing Lou;Y. Thomas Hou;,https://doi.org/10.1109/INFOCOM.2014.6848153
infocom/infocom2014,2014,CS:Cloud security and privacy,Efficient public integrity checking for cloud data sharing with multi-user modification.,Jiawei Yuan;Shucheng Yu;,https://doi.org/10.1109/INFOCOM.2014.6848154
infocom/infocom2014,2014,CS:Cloud security and privacy,A privacy-aware cloud-assisted healthcare monitoring system via compressive sensing.,Cong Wang;Bingsheng Zhang;Kui Ren;Janet Meiling Wang Roveda;Chang Wen Chen;Zhen Xu;,https://doi.org/10.1109/INFOCOM.2014.6848155
infocom/infocom2014,2014,FT3:Fault tolerancy and survivability 3,Aggrecode: Constructing route intersection for data reconstruction in erasure coded storage.,Jing Zhang;Xiangke Liao;Shanshan Li;Yu Hua;Xue Liu;Bin Lin;,https://doi.org/10.1109/INFOCOM.2014.6848156
infocom/infocom2014,2014,FT3:Fault tolerancy and survivability 3,IP fast rerouting for multi-link failures.,Theodore Elhourani;Abishek Gopalan;Srinivasan Ramasubramanian;,https://doi.org/10.1109/INFOCOM.2014.6848157
infocom/infocom2014,2014,FT3:Fault tolerancy and survivability 3,Rippler: Delay injection for service dependency detection.,Ali Zand;Giovanni Vigna;Richard A. Kemmerer;Christopher Kruegel;,https://doi.org/10.1109/INFOCOM.2014.6848158
infocom/infocom2014,2014,SB3:Scheduling and buffer management 3,Minimizing makespan and total completion time in MapReduce-like systems.,Yuqing Zhu;Yiwei Jiang;Weili Wu;Ling Ding;Ankur Teredesai;Deying Li;Wonjun Lee;,https://doi.org/10.1109/INFOCOM.2014.6848159
infocom/infocom2014,2014,SB3:Scheduling and buffer management 3,Joint scheduling of MapReduce jobs with servers: Performance bounds and experiments.,Yi Yuan;Dan Wang;Jiangchuan Liu;,https://doi.org/10.1109/INFOCOM.2014.6848160
infocom/infocom2014,2014,SB3:Scheduling and buffer management 3,Scheduling in a secure wireless network.,Xuan Wang;Yi Chen;Lin Cai;Jianping Pan;,https://doi.org/10.1109/INFOCOM.2014.6848161
infocom/infocom2014,2014,SB3:Scheduling and buffer management 3,Scheduling multicast traffic with deadlines in wireless networks.,Kyu Seob Kim;Chih-Ping Li;Eytan Modiano;,https://doi.org/10.1109/INFOCOM.2014.6848162
infocom/infocom2014,2014,SC3:Social computing and networks 3,Epidemic thresholds with external agents.,Siddhartha Banerjee;Avhishek Chatterjee;Sanjay Shakkottai;,https://doi.org/10.1109/INFOCOM.2014.6848163
infocom/infocom2014,2014,SC3:Social computing and networks 3,A robust information source estimator with sparse observations.,Kai Zhu;Lei Ying;,https://doi.org/10.1109/INFOCOM.2014.6848164
infocom/infocom2014,2014,SC3:Social computing and networks 3,Personal clouds: Sharing and integrating networked resources to enhance end user experiences.,Minsung Jang;Karsten Schwan;Ketan Bhardwaj;Ada Gavrilovska;Adhyas Avasthi;,https://doi.org/10.1109/INFOCOM.2014.6848165
infocom/infocom2014,2014,SC3:Social computing and networks 3,Modeling social network relationships via t-cherry junction trees.,Brian Proulx;Junshan Zhang;,https://doi.org/10.1109/INFOCOM.2014.6848166
infocom/infocom2014,2014,CR2:Cognitive radio networks 2,Spectrum-aware data replication in intermittently connected cognitive radio networks.,Jing Zhao;Guohong Cao;,https://doi.org/10.1109/INFOCOM.2014.6848167
infocom/infocom2014,2014,CR2:Cognitive radio networks 2,Rendezvous for heterogeneous spectrum-agile devices.,Shan-Hung Wu;Ching-Chan Wu;Wing-Kai Hon;Kang G. Shin;,https://doi.org/10.1109/INFOCOM.2014.6848168
infocom/infocom2014,2014,CR2:Cognitive radio networks 2,GHz-wide sensing and decoding using the sparse Fourier transform.,Haitham Hassanieh;Lixin Shi;Omid Abari;Ezzeldin Hamed;Dina Katabi;,https://doi.org/10.1109/INFOCOM.2014.6848169
infocom/infocom2014,2014,CR2:Cognitive radio networks 2,Flexauc: Serving dynamic demands in spectrum trading markets with flexible auction.,Peng Lin;Xiaojun Feng;Qian Zhang;,https://doi.org/10.1109/INFOCOM.2014.6848170
infocom/infocom2014,2014,DT:Delay tolerant networks,Multiple heterogeneous data ferry trajectory planning in wireless sensor networks.,Lirong Xue;Donghyun Kim;Yuqing Zhu;Deying Li;Wei Wang;Alade O. Tokuta;,https://doi.org/10.1109/INFOCOM.2014.6848171
infocom/infocom2014,2014,DT:Delay tolerant networks,DSearching: Distributed searching of mobile nodes in DTNs with floating mobility information.,Kang Chen;Haiying Shen;,https://doi.org/10.1109/INFOCOM.2014.6848172
infocom/infocom2014,2014,DT:Delay tolerant networks,Dynamic speed scaling for energy minimization in delay-tolerant smartphone applications.,Jeongho Kwak;Okyoung Choi;Song Chong;Prasant Mohapatra;,https://doi.org/10.1109/INFOCOM.2014.6848173
infocom/infocom2014,2014,DT:Delay tolerant networks,Forwarding redundancy in opportunistic mobile networks: Investigation and elimination.,Wei Gao;Qinghua Li;Guohong Cao;,https://doi.org/10.1109/INFOCOM.2014.6848174
infocom/infocom2014,2014,LL:Localization and location privacy,Privacy-preserving high-quality map generation with participatory sensing.,Xi Chen;Xiaopei Wu;Xiang-Yang Li;Yuan He;Yunhao Liu;,https://doi.org/10.1109/INFOCOM.2014.6848175
infocom/infocom2014,2014,LL:Localization and location privacy,Multi-lateral privacy-preserving localization in pervasive environments.,Tao Shu;Yingying Chen;Jie Yang;Albert Williams;,https://doi.org/10.1109/INFOCOM.2014.6848176
infocom/infocom2014,2014,LL:Localization and location privacy,A stochastic game for privacy preserving context sensing on mobile phone.,Wei Wang;Qian Zhang;,https://doi.org/10.1109/INFOCOM.2014.6848177
infocom/infocom2014,2014,LL:Localization and location privacy,Achieving privacy preservation in WiFi fingerprint-based localization.,Hong Li;Limin Sun;Haojin Zhu;Xiang Lu;Xiuzhen Cheng;,https://doi.org/10.1109/INFOCOM.2014.6848178
infocom/infocom2014,2014,MD:Mobile Data Offloading,TOSS: Traffic offloading by social network service-based opportunistic sharing in mobile social networks.,Xiaofei Wang;Min Chen;Zhu Han;Dapeng Oliver Wu;Ted Taekyoung Kwon;,https://doi.org/10.1109/INFOCOM.2014.6848179
infocom/infocom2014,2014,MD:Mobile Data Offloading,Mobile offloading in the wild: Findings and lessons learned through a real-life experiment with a new cloud-aware system.,Marco Valerio Barbera;Sokol Kosta;Alessandro Mei;Vasile Claudiu Perta;Julinda Stefa;,https://doi.org/10.1109/INFOCOM.2014.6848180
infocom/infocom2014,2014,MD:Mobile Data Offloading,Is it worth to be patient? Analysis and optimization of delayed mobile data offloading.,Fidan Mehmeti;Thrasyvoulos Spyropoulos;,https://doi.org/10.1109/INFOCOM.2014.6848181
infocom/infocom2014,2014,MD:Mobile Data Offloading,"Ready, Set, Go: Coalesced offloading from mobile devices to the cloud.",Liyao Xiang;Shiwen Ye;Yuan Feng;Baochun Li;Bo Li;,https://doi.org/10.1109/INFOCOM.2014.6848182
infocom/infocom2014,2014,PA1:Performance analysis and modelling 1,Towards a statistical network calculus - Dealing with uncertainty in arrivals.,Michael A. Beck;Sebastian A. Henningsen;Simon B. Birnbach;Jens B. Schmitt;,https://doi.org/10.1109/INFOCOM.2014.6848183
infocom/infocom2014,2014,PA1:Performance analysis and modelling 1,Towards a system theoretic approach to wireless network capacity in finite time and space.,Florin Ciucu;Ramin Khalili;Yuming Jiang;Liu Yang;Yong Cui;,https://doi.org/10.1109/INFOCOM.2014.6848184
infocom/infocom2014,2014,PA1:Performance analysis and modelling 1,Fluctuation analysis of debt based policies for wireless networks with hard delay constraints.,Rahul Singh;I-Hong Hou;P. R. Kumar;,https://doi.org/10.1109/INFOCOM.2014.6848185
infocom/infocom2014,2014,PA1:Performance analysis and modelling 1,Price of Anarchy in network routing with class based capacity guarantees.,Ehsan Monsef;Tricha Anjali;Sanjiv Kapoor;,https://doi.org/10.1109/INFOCOM.2014.6848186
infocom/infocom2014,2014,SB4:Scheduling and buffer management 4,Distributed stochastic optimization via correlated scheduling.,Michael J. Neely;,https://doi.org/10.1109/INFOCOM.2014.6848187
infocom/infocom2014,2014,SB4:Scheduling and buffer management 4,Multi-dimensional OFDMA scheduling in a wireless network with relay nodes.,Reuven Cohen;Guy Grebla;,https://doi.org/10.1109/INFOCOM.2014.6848188
infocom/infocom2014,2014,SB4:Scheduling and buffer management 4,Application-level scheduling with deadline constraints.,Huasen Wu;Xiaojun Lin;Xin Liu;Youguang Zhang;,https://doi.org/10.1109/INFOCOM.2014.6848189
infocom/infocom2014,2014,SB4:Scheduling and buffer management 4,Joint static and dynamic traffic scheduling in data center networks.,Zizhong Cao;Murali S. Kodialam;T. V. Lakshman;,https://doi.org/10.1109/INFOCOM.2014.6848190
infocom/infocom2014,2014,WL:Wireless LANs,SimCast: Efficient video delivery in MU-MIMO WLANs.,Guanhua Wang;Kaishun Wu;Qian Zhang;Lionel M. Ni;,https://doi.org/10.1109/INFOCOM.2014.6848191
infocom/infocom2014,2014,WL:Wireless LANs,Loss differentiation: Moving onto high-speed wireless LANs.,Ruwaifa Anwar;Kamran Nishat;Mohsin Ali;Zahaib Akhtar;Haseeb Niaz;Ihsan Ayyub Qazi;,https://doi.org/10.1109/INFOCOM.2014.6848192
infocom/infocom2014,2014,WL:Wireless LANs,MISC: Merging incorrect symbols using constellation diversity for 802.11 retransmission.,Jiajue Ou;Yuanqing Zheng;Mo Li;,https://doi.org/10.1109/INFOCOM.2014.6848193
infocom/infocom2014,2014,WL:Wireless LANs,Unleashing exposed terminals in enterprise WLANs: A rate adaptation approach.,Jun Huang;Guoliang Xing;Gang Zhou;,https://doi.org/10.1109/INFOCOM.2014.6848194
infocom/infocom2014,2014,CR3:Cognitive radio networks 3,Incentivize cooperative sensing in distributed cognitive radio networks with reputation-based pricing.,Tongjie Zhang;Zongpeng Li;Reihaneh Safavi-Naini;,https://doi.org/10.1109/INFOCOM.2014.6848195
infocom/infocom2014,2014,CR3:Cognitive radio networks 3,Hitchhike: Riding control on preambles.,Xiaoyu Ji;Jiliang Wang;Mingyan Liu;Yubo Yan;Panlong Yang;Yunhao Liu;,https://doi.org/10.1109/INFOCOM.2014.6848196
infocom/infocom2014,2014,CR3:Cognitive radio networks 3,QUILT: A Decode/Quantize-Interleave-Transmit approach to cooperative relaying.,Siddhartha Brahma;Melissa Duarte;Ayan Sengupta;I-Hsiang Wang;Christina Fragouli;Suhas N. Diggavi;,https://doi.org/10.1109/INFOCOM.2014.6848197
infocom/infocom2014,2014,CR3:Cognitive radio networks 3,FastProbe: Malicious user detection in Cognitive Radio Networks through active transmissions.,Tarun Bansal;Bo Chen;Prasun Sinha;,https://doi.org/10.1109/INFOCOM.2014.6848198
infocom/infocom2014,2014,MA1:Medium access control 1,Optimal CSMA-based wireless communication with worst-case delay and non-uniform sizes.,Hongxing Li;Nitin Vaidya;,https://doi.org/10.1109/INFOCOM.2014.6848199
infocom/infocom2014,2014,MA1:Medium access control 1,Provable per-link delay-optimal CSMA for general wireless network topology.,Dongmyung Lee;Donggyu Yun;Jinwoo Shin;Yung Yi;Se-Young Yun;,https://doi.org/10.1109/INFOCOM.2014.6848200
infocom/infocom2014,2014,MA1:Medium access control 1,Analysis of a proportionally fair and locally adaptive Spatial Aloha in Poisson Networks.,François Baccelli;Bartlomiej Blaszczyszyn;Chandramani Singh;,https://doi.org/10.1109/INFOCOM.2014.6848201
infocom/infocom2014,2014,MA1:Medium access control 1,Communication through collisions: Opportunistic utilization of past receptions.,Alireza Vahid;Mohammad Ali Maddah-Ali;Amir Salman Avestimehr;,https://doi.org/10.1109/INFOCOM.2014.6848202
infocom/infocom2014,2014,OP:Overlay and peer-to-peer networks,Open peering by Internet transit providers: Peer preference or peer pressure?,Aemen Lodhi;Amogh Dhamdhere;Constantine Dovrolis;,https://doi.org/10.1109/INFOCOM.2014.6848203
infocom/infocom2014,2014,OP:Overlay and peer-to-peer networks,A stable fountain code mechanism for peer-to-peer content distribution.,Cédric Westphal;,https://doi.org/10.1109/INFOCOM.2014.6848204
infocom/infocom2014,2014,OP:Overlay and peer-to-peer networks,Maximizing the number of satisfied subscribers in pub/sub systems under capacity constraints.,Vinay Setty;Gunnar Kreitz;Guido Urdaneta;Roman Vitenberg;Maarten van Steen;,https://doi.org/10.1109/INFOCOM.2014.6848205
infocom/infocom2014,2014,PA2:Performance analysis and modelling 2,Delay-throughput tradeoff with correlated mobility of ad-hoc networks.,Shuochao Yao;Xinbing Wang;Xiaohua Tian;Qian Zhang;,https://doi.org/10.1109/INFOCOM.2014.6848206
infocom/infocom2014,2014,PA2:Performance analysis and modelling 2,Joint power optimization of data center network and servers with correlation analysis.,Kuangyu Zheng;Xiaodong Wang;Li Li;Xiaorui Wang;,https://doi.org/10.1109/INFOCOM.2014.6848207
infocom/infocom2014,2014,PA2:Performance analysis and modelling 2,Performance evaluation and asymptotics for Content Delivery Networks.,Virag Shah;Gustavo de Veciana;,https://doi.org/10.1109/INFOCOM.2014.6848208
infocom/infocom2014,2014,PA2:Performance analysis and modelling 2,On the catalyzing effect of randomness on the per-flow throughput in wireless networks.,Florin Ciucu;Jens B. Schmitt;,https://doi.org/10.1109/INFOCOM.2014.6848209
infocom/infocom2014,2014,SG1:Smart Grid 1,Greenbench: A benchmark for observing power grid vulnerability under data-centric threats.,Mingkui Wei;Wenye Wang;,https://doi.org/10.1109/INFOCOM.2014.6848210
infocom/infocom2014,2014,SG1:Smart Grid 1,Power grid vulnerability to geographically correlated failures - Analysis and control implications.,Andrey Bernstein;Daniel Bienstock;David Hay;Meric Uzunoglu;Gil Zussman;,https://doi.org/10.1109/INFOCOM.2014.6848211
infocom/infocom2014,2014,SG1:Smart Grid 1,Structure-aware stochastic load management in smart grids.,Yu Zhang;Mihaela van der Schaar;,https://doi.org/10.1109/INFOCOM.2014.6848212
infocom/infocom2014,2014,SG1:Smart Grid 1,Stochastic information management for voltage regulation in smart distribution systems.,Hao Liang;Atef Abdrabou;Weihua Zhuang;,https://doi.org/10.1109/INFOCOM.2014.6848213
infocom/infocom2014,2014,SR1:Short range wireless technologies 1,SBVLC: Secure barcode-based visible light communication for smartphones.,Bingsheng Zhang;Kui Ren;Guoliang Xing;Xinwen Fu;Cong Wang;,https://doi.org/10.1109/INFOCOM.2014.6848214
infocom/infocom2014,2014,SR1:Short range wireless technologies 1,Frogeye: Perception of the slightest tag motion.,Lei Yang;Yong Qi;Jianbing Fang;Xuan Ding;Tianci Liu;Mo Li;,https://doi.org/10.1109/INFOCOM.2014.6848215
infocom/infocom2014,2014,SR1:Short range wireless technologies 1,Sonar inside your body: Prototyping ultrasonic intra-body sensor networks.,Giuseppe Enrico Santagati;Tommaso Melodia;,https://doi.org/10.1109/INFOCOM.2014.6848216
infocom/infocom2014,2014,SR1:Short range wireless technologies 1,LiFi: Line-Of-Sight identification with WiFi.,Zimu Zhou;Zheng Yang;Chenshu Wu;Wei Sun;Yunhao Liu;,https://doi.org/10.1109/INFOCOM.2014.6848217
infocom/infocom2014,2014,CR4:Cognitive radio networks 4,MIMO-based jamming resilient communication in wireless networks.,Qiben Yan;Huacheng Zeng;Tingting Jiang;Ming Li;Wenjing Lou;Y. Thomas Hou;,https://doi.org/10.1109/INFOCOM.2014.6848218
infocom/infocom2014,2014,CR4:Cognitive radio networks 4,CACH: Cycle-Adjustable Channel hopping for control channel establishment in cognitive radio networks.,Tsung Ying Wu;Wanjiun Liao;Cheng-Shang Chang;,https://doi.org/10.1109/INFOCOM.2014.6848219
infocom/infocom2014,2014,CR4:Cognitive radio networks 4,A credit-token-based spectrum etiquette framework for coexistence of heterogeneous cognitive radio networks.,"Bo Gao;Yaling Yang;Jung-Min ""Jerry"" Park;",https://doi.org/10.1109/INFOCOM.2014.6848220
infocom/infocom2014,2014,CR4:Cognitive radio networks 4,Throughput-efficient channel allocation in multi-channel cognitive vehicular networks.,You Han;Eylem Ekici;Haris Kremo;Onur Altintas;,https://doi.org/10.1109/INFOCOM.2014.6848221
infocom/infocom2014,2014,MA2:Medium access control 2,Interference-aware proportional fairness for multi-rate wireless networks.,Douglas M. Blough;Giovanni Resta;Paolo Santi;,https://doi.org/10.1109/INFOCOM.2014.6848222
infocom/infocom2014,2014,MA2:Medium access control 2,FD-MMAC: Combating multi-channel hidden and exposed terminals using a single transceiver.,Yan Zhang;Loukas Lazos;Kai Chen;Bocan Hu;Swetha Shivaramaiah;,https://doi.org/10.1109/INFOCOM.2014.6848223
infocom/infocom2014,2014,MA2:Medium access control 2,Competitive MAC under adversarial SINR.,Adrian Ogierman;Andréa W. Richa;Christian Scheideler;Stefan Schmid;Jin Zhang;,https://doi.org/10.1109/INFOCOM.2014.6848224
infocom/infocom2014,2014,MA2:Medium access control 2,Optimal Rate Sampling in 802.11 systems.,Richard Combes;Alexandre Proutière;Donggyu Yun;Jungseul Ok;Yung Yi;,https://doi.org/10.1109/INFOCOM.2014.6848225
infocom/infocom2014,2014,PA3:Performance analysis and modelling 3,Throughput-delay tradeoff in mobile ad hoc networks with correlated mobility.,Jiajia Liu;Hiroki Nishiyama;Nei Kato;Jianfeng Ma;Xiaohong Jiang;,https://doi.org/10.1109/INFOCOM.2014.6848226
infocom/infocom2014,2014,PA3:Performance analysis and modelling 3,An approximation algorithm for client assignment in client/server systems.,Yuqing Zhu;Weili Wu;James Willson;Ling Ding;Lidong Wu;Deying Li;Wonjun Lee;,https://doi.org/10.1109/INFOCOM.2014.6848227
infocom/infocom2014,2014,PA3:Performance analysis and modelling 3,Sojourn time approximations in a multi-class time-sharing server.,Ane Izagirre;Urtzi Ayesta;Ina Maria Verloop;,https://doi.org/10.1109/INFOCOM.2014.6848228
infocom/infocom2014,2014,PA3:Performance analysis and modelling 3,A general framework of hybrid graph sampling for complex network analysis.,Xin Xu;Chul-Ho Lee;Do Young Eun;,https://doi.org/10.1109/INFOCOM.2014.6848229
infocom/infocom2014,2014,SG2:Smart Grid 2,Proactive fault-tolerant aggregation protocol for privacy-assured smart metering.,Jongho Won;Chris Y. T. Ma;David K. Y. Yau;Nageswara S. V. Rao;,https://doi.org/10.1109/INFOCOM.2014.6848230
infocom/infocom2014,2014,SG2:Smart Grid 2,Blowing hard is not all we want: Quantity vs quality of wind power in the smart grid.,Fanxin Kong;Chuansheng Dong;Xue Liu;Haibo Zeng;,https://doi.org/10.1109/INFOCOM.2014.6848231
infocom/infocom2014,2014,SG2:Smart Grid 2,Robust and cost-effective architecture design for smart grid communications: A multi-stage middleware deployment approach.,Dong-Hoon Shin;Shibo He;Junshan Zhang;,https://doi.org/10.1109/INFOCOM.2014.6848232
infocom/infocom2014,2014,SG2:Smart Grid 2,Optimal Combined Heat and Power system scheduling in smart grid.,Kan Zhou;Jianping Pan;Lin Cai;,https://doi.org/10.1109/INFOCOM.2014.6848233
infocom/infocom2014,2014,SR2:Short range wireless technologies 2,RollCaller: User-friendly indoor navigation system using human-item spatial relation.,Yi Guo;Lei Yang;Bowen Li;Tianci Liu;Yunhao Liu;,https://doi.org/10.1109/INFOCOM.2014.6848234
infocom/infocom2014,2014,SR2:Short range wireless technologies 2,BlueID: A practical system for Bluetooth device identification.,Jun Huang;Wahhab Albazrqaoe;Guoliang Xing;,https://doi.org/10.1109/INFOCOM.2014.6848235
infocom/infocom2014,2014,SR2:Short range wireless technologies 2,Enhancing ZigBee throughput under WiFi interference using real-time adaptive coding.,Peng Guo;Jiannong Cao;Kui Zhang;Xuefeng Liu;,https://doi.org/10.1109/INFOCOM.2014.6848236
