ndss/ndss1998,1998,Session 1:Internet And Intranet,Enabling the Internet White Pages Service - the Directory Guardian.,David W. Chadwick;Andrew J. Young;,http://www.isoc.org/isoc/conferences/ndss/98/chadwick.pdf
ndss/ndss1998,1998,Session 1:Internet And Intranet,The Multilayer Firewall.,Dan M. Nessett;Polar Humenn;,http://www.isoc.org/isoc/conferences/ndss/98/nessett.pdf
ndss/ndss1998,1998,Session 1:Internet And Intranet,Efficient Protocols for Signing Routing Messages.,Kan Zhang;,http://www.isoc.org/isoc/conferences/ndss/98/zhang.pdf
ndss/ndss1998,1998,Session 2:Panel - Implementation Issues For Electronic Commerce,Some Tips.,Donald E. Eastlake III;,http://www.isoc.org/isoc/conferences/ndss/98/eastl_sl.pdf
ndss/ndss1998,1998,Session 2:Panel - Implementation Issues For Electronic Commerce,Weak links in e-commerce security: examples from the field.,Gary McGraw;,http://www.isoc.org/isoc/conferences/ndss/98/mcgra_sl.pdf
ndss/ndss1998,1998,Session 2:Panel - Implementation Issues For Electronic Commerce,Implementation Issues for E-Commerce.,B. Clifford Neuman;,http://www.isoc.org/isoc/conferences/ndss/98/neuma_sl.pdf
ndss/ndss1998,1998,Session 3:All Optical Networks Security,Attack Detection Methods for All-Optical Networks.,Muriel Médard;Douglas Marquis;Stephen R. Chinn;,http://www.isoc.org/isoc/conferences/ndss/98/medard.pdf
ndss/ndss1998,1998,Session 3:All Optical Networks Security,Distributed Algorithms for Attack Localization in All-Optical Networks.,Ruth Bergman;Muriel Médard;Serena Chan;,http://www.isoc.org/isoc/conferences/ndss/98/bergman.pdf
ndss/ndss1998,1998,Session 4:Protocols,Credential Management and Secure Single Login for SPKM.,Detlef Hühnlein;,http://www.isoc.org/isoc/conferences/ndss/98/huhnlein.pdf
ndss/ndss1998,1998,Session 4:Protocols,Some Timestamping Protocol Failures.,Mike Just;,http://www.isoc.org/isoc/conferences/ndss/98/just.pdf
ndss/ndss1998,1998,Session 4:Protocols,The Secure Remote Password Protocol.,Thomas D. Wu;,http://www.isoc.org/isoc/conferences/ndss/98/wu.pdf
ndss/ndss1998,1998,Dinner Banquet:Lucent's Entry Into Network Security,Lucent's Entry Into Network Security.,Howard M. Gittleson;,http://www.isoc.org/isoc/conferences/ndss/98/gittl_sl.pdf
ndss/ndss1998,1998,Session 5:Mobile Agents,On the Problem of Trust in Mobile Agent Systems.,Uwe G. Wilhelm;Sebastian Staamann;Levente Buttyán;,http://www.isoc.org/isoc/conferences/ndss/98/wilhelm.pdf
ndss/ndss1998,1998,Session 5:Mobile Agents,Implementing Protection Domains in the JavaTM Development Kit 1.2.,Li Gong;Roland Schemers;,http://www.isoc.org/isoc/conferences/ndss/98/gong.pdf
ndss/ndss1998,1998,Session 6:Panel - Trust Management,Le Nozze di Nomen.,Bob Blakley;,http://www.isoc.org/isoc/conferences/ndss/98/blakl_sl.pdf
ndss/ndss1998,1998,Session 6:Panel - Trust Management,Trust Management and Internet Client Security.,Blair Dillaway;,http://www.isoc.org/isoc/conferences/ndss/98/dilla_sl.pdf
ndss/ndss1998,1998,Session 7:Traffic Analysis And Secure Bootstrapping,Live Traffic Analysis of TCP/IP Gateways.,Phillip A. Porras;Alfonso Valdes;,http://www.isoc.org/isoc/conferences/ndss/98/porras.pdf
ndss/ndss1998,1998,Session 7:Traffic Analysis And Secure Bootstrapping,Automated Recovery in a Secure Bootstrap Process.,William A. Arbaugh;Angelos D. Keromytis;David J. Farber;Jonathan M. Smith;,http://www.isoc.org/isoc/conferences/ndss/98/arbaugh.pdf
ndss/ndss1998,1998,Session 8:Panel - Experience With Firewalls And IPsec,VPN and IPsec.,Naganand Doraswamy;,http://www.isoc.org/isoc/conferences/ndss/98/doras_sl.pdf
ndss/ndss1998,1998,Session 8:Panel - Experience With Firewalls And IPsec,An Intermediate System's View of IPSEC.,Cheryl Madson;,http://www.isoc.org/isoc/conferences/ndss/98/madso_sl.pdf
ndss/ndss1998,1998,Session 8:Panel - Experience With Firewalls And IPsec,What Will Probably Happen.,Dan McDonald;,http://www.isoc.org/isoc/conferences/ndss/98/mcdon_sl.pdf
